S&P Spot 1193,OPT_STRIKE_PX,PX_LAST,PX_BID,PX_ASK,PX_VOLUME
SPXQ US 03/30/12 C1350 Index,1350,18.3,17.2,18.7,174
SPXQ US 03/30/12 C1400 Index,1400,19.7,7.8,9.4,10
SPXQ US 03/30/12 P1100 Index,1100,58.5,55.2,57.2,70
SPXQ US 03/30/12 P1200 Index,1200,65.3,90.6,93.1,50
SPXQ US 03/30/12 P800 Index,800,6,9.8,11.3,30
SPX US 06/16/12 C1175 Index,1175,107.3,109.6,113.1,200
SPX US 06/16/12 C1200 Index,1200,95.8,95.4,98.8,1276
SPX US 06/16/12 P1175 Index,1175,109.5,102.7,106.3,10
SPX US 06/16/12 P1200 Index,1200,116.4,113.4,117.2,2140
SPX US 06/16/12 P1225 Index,1225,116.4,124.9,128.6,636
SPX US 09/22/12 C1175 Index,1175,132,127.2,131,100
SPX US 09/22/12 C1200 Index,1200,113.2,113.1,117,450
SPX US 09/22/12 P1175 Index,1175,132,125.2,129.1,650
SPX US 09/22/12 P1200 Index,1200,140.6,135.8,140,825
SPX US 09/22/12 P1225 Index,1225,139.9,147.5,151.6,700